Codigo,PrimeiroNome,SegundoNome,UltimoNome,DataNasci,CPF,RG,Endereco,CEP,Cidade,Fone,CodigoDepartamento,Funcao,Salario
1,Helena,Raira,Magaldi,1988-02-20,1000000,1,Alameda das Rosas,1,Edmonton,5559098,100,Engenheira de Software,1000
2,Patricia,Maria,McKenney,1987-09-34,2000000,2,Rua Ada Lovelace,12,João Pessoa,5559884,100,Marketing,1200
3,Tamires,Joana,Smith,1978-06-22,3000000,3,Alameda Guido van Rossum,324,São Carlos,55344884,188,Espeleóloga,1120
4,Marta,Christina,Ferreira,1994-12-03,4000000,4,Rua Honestino Guimarães,34012,Brasília,5558884,120,Engenheira Ambiental,96
5,Juliana,Lima,Ribeiro,2020-07-20,5000000,5,Rua Marielle Franco,12,Brasília,53429884,190,Arte e Cultura,1898
6,Paola,Maria,Matos,1992-04-15,6000000,6,Rua Liberdade,65348,Ottawa,3865884,96,Administradora,1220
7,Maria,Eduarda,Matos,1980-10-26,7000000,7,SQN 120 bloco K,71224348,Mexico City,4488884,3,Back-End Developer,12120
8,Kristen,Elizabeth,Hussain,1925-12-04,8000000,7,University Avenue,98865348,Edmonton,38233884,3,Researcher,3
9,Mirna,Santos,Lutz,1988-04-15,9000000,6,Rua Bertha Lutz,65348,São Paulo,7665884,96,Analista,1930
10,Mary,Kenneth,Keller,1986-3-20,10000000,6,32 Street,7664348,London,3843884,3,Consultant,7000
